lexical form, meaning, present, future, aorist active, perfect active, perfect middle, aorist passive
ἀγαλλιάω, exult, ἀγαλλιάω, ———, ἠγαλλίασα, ———, ———, ἠγαλλιάθην
ἀγαπάω, love, ἀγαπάω, ἀγαπήσω, ἠγάπησα, ἠγάπηκα, ἠγάπημαι, ἠγαπήθην
ἀγιάζω, sanctify, ἀγιάζω, ———, ἡγίησα, ———, ἡγίασμαι, ἡγιάσθην
ἀγνοέω, ignorant, ἀγνοέω, ἀγνοήσω, ἠγνόησα, ἠγνόηκα, ἠγνόημαι, ἠγνοήθην
ἀγοράζω, buy, ἀγοράζω, ἀγοράσω, ἡγόρασα, ἠγόακα, ἠγόασμαι, ἠγοράσθην
ἄγω, lead, ἄγω, ἄξω, ἤγαγον, ἦχα, ἤγμαι, ἤχθην
ἀδικέω, do wrong, ἀδικέω, ἀδικήσω, ἠδίκησα, ἠδίκηκα, -, ἠδικήθην
ἀθετέω, reject, ἀθετέω, ἀθετήσω, ἠθέτησα, ———, ———, ———
αἱρέω, take, αἱρέω, αἱρήσομαι, εἱλόμην, ᾕρηκα, ᾕρημαι, ᾗρέθην
αἴρω, lift up, αἴρω, ἀρῶ, ἦρα, ἦρκα, ἦρμαι, ἤρθην
αἰσχύνομαι, be shamed, αἰσχύνομαι, αἰσχθνοῦμαι, ᾔσχθνα, ———, ———, ᾐσχύνθην
αἰτέω, ask for, αἰτέω, αἰτήσω, ᾔτησα, ᾔτηκα, ᾔτημαι, ᾔτηθην
ἀκολουθέω, follow, ἀκολουθέω, ἀκολουθήσω, ἠκολούθησα, ἠκολούθηκα, ———, ———
ἀκούω, hear, ἀκούω, ἀκούσω, ἤκουσα, ἀκήκοα, ἤκουσμαι, ἠκούσθην
ἁμαρτάνω, sin, ἁμαρτάνω, ἁμαρτήσω, ἥμάρτον/ἥμάρτησα, ἡμάρτηκα, ἡμάρτημαι, ἡμαρτήθην
ἀναγγἐλλω, announce, ἀναγγἐλλω, ἀναγγελῶ, ἀνήγγειλα, ἀνήγγελκα, ἀνήγγελμαι, ἀνηγγέλην
ἀναπαύω, refresh, ἀναπαύω, ἀναπαύσω, ἀνέπαυσα, ———, ———, ἀνεπαύθην
ἀνοίγω, open, ἀνοίγω, ἀνοίξω, ἀνέωξα, ἀνλεωγα, άνέωγμαι, άνεώχθην
ἀπειθέω, disobey, ἀπειθέω, ἀπειθήσω, ἠπείθησα, ———, ———, ———
ἀπέσκω, please, ἀπέσκω, ἀρέσω, ἤρεσα, ———, ———, ἠρέσθην
ἀποθνῄσκω, die, ἀποθνῄσκω, ἀποθανοῦμαι, ἀπέθανον, ἀποτέθνηκα, ———, ———
ἀποκαλύπτω, reveal, ἀποκαλύπτω, ἀποκαλύψω, ἀπεκάλυψα, ———, ———, ἀπεκαλύφθην
ἀποκρίνομαι, answer, ἀποκρίνομαι, ἀποκρινοῦμαι, ἀπεκπινάμην, ———, ———, ἀπεκρίθην
ἀποκτείνω, kill, ἀποκτείνω, ἀπολτενῶ, ἀπέκτεινα, ———, ———, ἀπεκτἀνθην
ἀπόλλυμι, destroy, ἀπόλλυμι, ἀπολέσω, ἀπώλεσα, ἀπόλωλα, ———, ———
ἀποστέλλω, send, ἀποστέλλω, ἀποστελῶ, ἀπέστειλα, ἀπέσταλκα, ἀπέσταλμαι, ἀπεστάλην
ἄπτομαι, touch, ἄπτομαι, ἄψομαι, ἦψα, ———, ἦμμαι, ἤφθην
ἀρνέομαι, deny, ἀρνέομαι, ἀρνήσομαι, ἠρνησάμην, ———, ἤρνημαι, ἠρνήθην
ἀρπάζω, seize, ἀρπάζω, ἀρπάσω, ἤρπασα, ἤρπακα, ἤρπασμαι, ἠρπάσθην
ἄρχω, rule, ἄρχω, ἄρξω, ἤρξα, ἤρχα, ἤργμαι, ἤρχθην
ἀσθενέω, sick, ἀσθενέω, ἀσθενήσς, ἠσθένησα, ἠσθένηκα, ———, ———
ἀσπάζομαι, greet, ἀσπάζομαι, ἀσπάσομαι, ἠσθένησα, ———, ———, ———
ἀτενίζω, look, ἀτενίζω, ἀτενίσω, ἠτένισα, ———, ———, ———
ἀφίημι, forgive, ἀφίημι, ἀφήσω, ἀφῆκα, ἀφεῖκα, ἀφέωμαι, ἀφέθην
ἀφοπίζω, separate, ἀφοπίζω, ἀφορίσω, ἀφώρισα, ———, ἀφώρισμαι, ἀφωπίσθην
-βαίνω, go, -βαίνω, -βήσομαι, -έβην, -βέβηκα, ———, -εβήθην
βάλλω, throw, βάλλω, βαλῶ, ἔβαλον, βέβληκα, βέβλημαι, ἐβλήθην
βαπτίζω, baptize, βαπτίζω, βαπτίσω, ἐβάπτισα, ———, βεβάπτισμαι, ἐβαπτίσθην
βασανίζω, torment, βασανίζω, βασανιῶ, ἐβασάνισα, ———, βαβασάνισμαι, ἐβασανἰσθην
βασιλεύω, rule, βασιλεύω, βασιλεύσω, ἐβασίλευσα, ———, ———, ———
βαστάζω, carry, βαστάζω, βαστάσω, ἐψάστασα, ———, ———, ———
βλασφημέω, blaspheme, βλασφημέω, ———, ἐβλασφήμησα, βεβλασφήμηκα, ———, ἐβλασφημήθην
βλέπω, see, βλέπω, βλέψω, ἔβλεψα, ———, ———, ———
βοάω, cry out, βοάω, βοήσω, ἐβόησα, ———, βεβόημαι, ἐβώσθην
βούλομαι, will, βούλομαι, βουλἠσομαι, ———, ———, βεβούλημαι, ἐβουλήθην
γαμέω, marry, γαμέω, γαμήσω, ἐγάμησα, γεγάμηκα, γεγάμημαι, ἐγαμήθην
γεμίζω, fill, γεμίζω, γεμιῶ, ἐγέμισα, ———, ———, ἐγεμίσθην
γέμω, full, γέμω, ἔγεμον, ———, ———, ———, ———
γεννάω, beget, γεννάω, γεννήσω, ἐγέννησα, γεγέννηκα, γεγέννημαι, ἐγεννήθην
γεύομαι, taste, γεύομαι, γεύσομαι, ἐγευσάμην, γέγευμαι, ———, ———
γίνομαι, be/become, γίνομαι, γενήσομαι, ἐγενόμην, γέγονα, γεγένημαι, ἐγενήθην
γινώσκω, know, γινώσκω, γνώσομαι, ἔγνων, ἔγνωκα, ἔγνςσμαι, ἐγνώσθην
γνωρίζω, make known, γνωρίζω, γνωπίσω, ἐγνώπισα, ἐγνώπικα, ———, ἐγνωρίσθην
γράφω, write, γράφω, γράψω, ἔγραψα, γέγραφα, γέγραμμαι, ἐγράφην
γρηγορέω, watch, γρηγορέω, ———, ἐγρηγόρησα, ———, ———, ———
δαιμονίζομαι, possessed, δαιμονίζομαι, ———, ———, ———, ———, ἐδαιμονίσθην
δείκνυμι, show, δείκνυμι, δείξω, ἔδειξα, δέδειχα, δέδειγμαι, ἐδείχθην
δέομαι, beg, δέομαι, δεήσομαι, ———, ———, ———, ἐδεήθην
δέρω, strike, δέρω, ———, ἔδειρα, ———, δέδαρμαι, ἐδάρην
δέχομαι, receive, δέχομαι, δέξομαι, ἐδεξάμην, ———, δέδεγμαι, ἐδέχθην
δέω, bind, δέω, δήσω, ἔδησα, δέδεκα, δέδεμαι, ἐδέθην
δηλόω, show, δηλόω, δηλώσω, ἐδήλωσα, δεδήλωκα, δεδήλωμαι, ἐδηλώθην
διακονέω, serve, διακονέω, διακονήσω, διηκόνησα, δεδιηκόνηκα, δεδιακόνημαι, διηκονήθην
διαλέγομαι, discuss, διαλέγομαι, διαλέξομαι, διελεξάμην, ———, διείλεγμαι, διελέχθην
διαλογίζομαι, ponder, διαλογίζομαι, διαλογιοῦμαι, ———, ———, ———, ———
διατρίβω, stay/delay, διατρίβω, διατρίψω, διέτριψα, ———, διατέτριμμαι, διετρίβην
διδάσκω, teach, διδάσκω, διδάξω, ἐδίδαξα, δεδίδαχα, δεδίδαγμαι, ἐδιδάχθην
δίδωμι, give, δίδωμι, δώσω, ἔδωκα, δέδωκα, δέδομαι, ἐδόθην
δικαιόω, justify, δικαιόω, δικαιώσω, ἐδικαίωσα, ———, δεδικαίωμαι, ἐδικαιώθην
διψάω, thirst, διψάω, διψήσω, ἐδίψησα, δεδίψηκα, ———, ———
διώκω, persecute, διώκω, διώξω, ἐδίωξα, δεδίωχα, δεδίωγμαι, ἐδιώχθην
δοκέω, suppose, δοκέω, δόξω, ἔδοξα, δεδόκηκα, δεδόκημαι, ἐδοκήθην
δοκιμάζω, test, δοκιμάζω, δοκιμάσω, ἐδοκίμασα, ———, δεδοκίμασμαι, 
δοξάζω, glorify, δοξάζω, δοξάσω, ἐδόξασα, δεδόξακα, δεδόξασμαι, ἐδοξάσθην
δουλεύω, be a slave, δουλεύω, δουλεύσω, ἐδούλευσα, δεδούλευκα, ———, ———
δύναμαι, able, δύναμαι, δυνήσομαι, ἐδυνάμην, ———, δεδύνημαι, ἐδυνήθην
δωρέομαι, bestow freely, δωρέομαι, δωρήσω, ἐδωρησάμην, ———, δεδώρημαι, ἐδωρήθην
ἐάω, permit, ἐάω, ἐάσω, εἴασα, εἴακα, ———, ἐάθην
ἐγγίζω, come near, ἐγγίζω, ἐγγίσω, ἤγγισα, ἠγγικα, ———, ———
ἐγείρω, rise, ἐγείρω, ἐγερῶ, ἤγειρα, ἐγήγερκα, ἐγήγερμαι, ἠγέρθην
ἐκκόπτω, cut off, ἐκκόπτω, ἐκκόψω, ἐξέκοψα, ἐκκέκοφα, ———, ἐξεκόπην
ἐκπλήσσω, amaze, ἐκπλήσσω, ἐκπλήκω, ἐξέπληξα, ———, ———, ἐξεπλάγην
ἐκτείνω, stretch out, ἐκτείνω, ἐκτενῶ, ἐκέτεινα, ἐκτέτακα, ἐκτέταμαι, ———
ἐκχέω, pour out, ἐκχέω, ἐκχεῶ, ἐξέχεα, ———, ἐκκέχυμαι, ἐξεχύθην
ἐλέγχω, convict, ἐλέγχω, ἐλέγξω, ἤλεγξα, ———, ἐλήλεγμαι, ἠλέγχθην
ἐλεέω, pity, ἐλεέω, ἐλεήσω, ἠλέησα, ἠλέηκα, ἠλέημαι, ἠλεήθην
ἐλπίζω, hope, ἐλπίζω, ἐλπιῶ, ἤλπισα, ἤλπισα, ἤλπικα, ἠλπίσθην
ἐμπαίζω, ridicule, ἐμπαίζω, ἐμπαίξω, ἐνέπαιξα, ———, ———, ἐνεπαίχθην
ἐμφανίζω, reveal, ἐμφανίζω, ἐμφανίσω, ἐνεφἀνισα, ———, ———, ἐωεφανίσθην
ἐνδύω, put on, ἐνδύω, ἐνδύσομαι, ἐνεδυσάμην, ἐνδέδυκα, ἐνδέδυμαι, ἐνεδύθην
ἐνεργέω, work, ἐνεργέω, ἐνεργήσω, ἐνήργησα, ἐνήργηκα, ———, ———
ἐντέλλομαι, command, ἐντέλλομαι, ἐντελοῦμαι, ἐντειλάμην, ———, ἐντέταλμαι, ———
ἐξουθενέω, despise, ἐξουθενέω, ἐξουτενήσω, ἐξουτένησα, ———, ἐξουθένημαι, ———
ἐπιθυμέω, lust, ἐπιθυμέω, ἐπιθυμήσω, ἐπεθύμησα, ———, ———, ———
ἐπισκέπτομαι, examine, ἐπισκέπτομαι, ἐπισκέψομαι, ἐπεσκοψάμην, ———, ———, ἐπεστήθην
ἐπίσταμαι, know, ἐπίσταμαι, ἐπιστήσομαι, ἐπεστησάμην, ———, ———, ἐπεστήθην
ἐπιτρέπω, allow, ἐπιτρέπω, ἐπιτρέψω, ἐπέτεψα, ———, ———, ἐπετράπην
ἐργάζομαι, work, ἐργάζομαι, ἐργάσομαι, ἠργασάμην, ———, εἴργασμαι, εἰργάσθην
ἔρχομαι, go/come, ἔρχομαι, ἐλεύσομαι, ἠλθον, ἐλήλυθα, ———, ———
ἐρωτάω, ask, ἐρωτάω, ἐρωτήσω, ἠρώτησα, ἠρώτηκα, ἠρώτημαι, ἠρωτήθην
ἐσθίω, eat, ἐσθίω, φαγόμαι, ἔφαγον, ἐδήδοκα, ἐδήδεσμαι, ———
ἐτοιμάζω, prepare, ἐτοιμάζω, ἐτοιμάσω, ἡτοίμασα, ἡτοίμακα, ἡτοίμασμαι, ἡτοιμάσθην
εὐαγγελίζω, evangelize, εὐαγγελίζω, εὐαγγελίσω, εὐηγγέλισα, εὐηγγέλικα, εὐηγγέλισμαι, εὐηγγλίσθην
εὐλογέω, bless, εὐλογέω, εὐλογήσω, εὐλόγησα, εὐλόγηκα, εὐλόγημαι, εὐλογήθην
εὑρίσκω, find, εὑρίσκω, εὑρήσω, εὗρον, εὕρηκα, εὕρημαι, εὑρέθην
εὐφραίνω, gladden, εὐφραίνω, εὐφρανῶ, ηὔφρανα, ———, ———, ηὐράνθην
εὐχαριστέω, give thanks, εὐχαριστέω, εὐχαριστήσω, εὐχαρίστησα, εὐχαριστἠκα, εὐχαριστήμαι, εὐχαριστήθην
ἔχω, have, ἔχω, ἕξω, ἔσχον, ἔσχηκα, ἔσχημαι, ———
ζάω, live, ζάω, ζήσω, ἔζησα, βεβἰωκα, ———, ———
ζηλόω, strive, ζηλόω, ζηλώσω, ἐζήλωσα, ———, ———, ———
ζητέω, seek, ζητέω, ζητήσω, ἐζήτησα, ἐζήτηκα, ———, ἐζητήθην
ἡγέομαι, lead, ἡγέομαι, ἡγήσομαι, ἡγησάμην, ———, ἥγημαι, ———
ἥκω, have come, ἥκω, ἥξω, ἧξα, ἧκα, ———, ———
θανατόω, kill, θανατόω, θανατώσω, ἐθανάτωσα, ———, ———, ἐθανατώθην
θάπτω, bury, θάπτω, θάψω, ἔθψα, ———, τέθαμμαι, ἐτάφην
θαυμάζω, amaze, θαυμάζω, θαυμάσομαι, ἐθαύμασα, τεθαύμακα, τεθαύμασμαι, ἐθαυμάσθην
θεάομαι, behold, θεάομαι, θεάσομαι, ἐθεασάμην, ———, τεθέαμαι, ἐθεάθην
θέλω, wish, θέλω, θελήσω, ἠθέλησα, ἠθέληκα, ———, ἠθελήθην
θεραπεύω, heal, θεραπεύω, θεραπεύσω, ἐθεράπευσα, τεθεράπευκα, τεθεράπευμαι, ἐθεραπεύθην
θεωρέω, behold, θεωρέω, θεωρήσω, ἐθεώρησα, ———, ———, ———
θλίβω, afflict, θλίβω, θλίψω, ἔθλιψα, ———, τέθλιμμαι, ἐθλίβην
θύω, sacrifice, θύω, θύσω, ἔθυσα, τέθυκα, τέθυμαι, ἐτύθην
ἰάομαι, get well, ἰάομαι, ἰάσομαι, ἰασάμην, ———, ———, ἰάθην
ἴστημι, stand, ἴστημι, στήσω, ἔστησα/ἔστην, ἔστηκα, ἔστημαι, ἐστάθην
ἰσχύω, be strong, ἰσχύω, ἰσχύσω, ἴσχυσα, ἴσχυκα, ———, ἰσχύθην
καθαρίζω, cleanse, καθαρίζω, καθαριῶ, ἐκαθάροσα, ———, κεκαθάρισμαι, ἐκαθαρίσθην
καθεύδω, sleep, καθεύδω, καθευδήσω, ———, ———, ———, ———
κάθημαι, sit, κάθημαι, καθήσομαι, ———, ———, ———, ———
καθίζω, seat/set, καθίζω, καθίσω, ἐκάθισα, κεκάθικα, ———, ———
καίω, burn, καίω, καύσω, ἔκαυσα, κέκαυκα, κέκαυμαι, ἐκαύθην
καλέω, call, καλέω, καλέσω, ἐκάλεσα, κέκληκα, κέκλημαι, ἐκλήθην
καταντάω, meet, καταντάω, ἀντήσω, κατήντησα, κατήντηκα, ———, ———
καταργέω, make idle, καταργέω, καταργήσω, κατήργησα, κατήργηκα, κατήργημαι, κατηργήθην
καταρτίζω, mend, καταρτίζω, καταρτίσω, κατήρτισα, ———, κατήρτισμαι, ———
κατασκευάζω, prepare, κατασκευάζω, κατασκευάσω, κατεσκεύασα, ———, κατεσκεύασμαι, κατεσκευάσθην
κατηγορέω, accuse, κατηγορέω, κατηγορήσω, κατηγόρησα, ———, ———, ———
κατοικέω, dwell, κατοικέω, κατοικήσω, κατῴκησα, ———, ———, ———
καυχάομαι, boast, καυχάομαι, καυχήσομαι, ἐκαυχησάμην, ———, κεκαύχημαι, ———
κεῖμαι, lie, κεῖμαι, κείσομαι, ἐκείμην, ———, ———, ———
κελεύω, order, κελεύω, κελεύσω, ἐκέλευσα, κεκέλευκα, κεκέλευσμαι, ἐκελεύσθην
κερδαίνω, gain, κερδαίνω, κερδήσω, ἐκέρδησα, κεκέρδηκα, ———, ἐκερδήθην
κηρύσσω, proclaim, κηρύσσω, κηρύξω, ἐκήρυξα, κεκήρυχα, κεκήρυγμαι, ἐκηρύχθην
κλαίω, weep, κλαίω, κλαύσω, ἔκλαυσα, ———, κέκλαυμαι, ἐκλαύσθην
κλάω, break, κλάω, κλάσω, ἔκλασα, ———, κέκλασμαι, ἐκλάσθην
κλείω, shut, κλείω, κλείσω, ἔκλεισα, ———, κέκλεισμαι, ἐκλείσθην
κλέπτω, steal, κλέπτω, κλέψω, ἔκλεψα, κέκλοφα, κέκλεμμαι, ἐκλάπην
κληρονομέω, inherit, κληρονομέω, κληρονομήσω, ἐκληρονόμησα, κεκληρονόμηκα, ———, ———
κλίνω, bow, κλίνω, κλινῶ, ἔκλινα, κέκλικα, κέκλιμαι, ἐκλίθην
κοιμάομαι, fall asleeep, κοιμάομαι, κοιμήσω, ἐκοίμησα, ———, κεκοίμημαι, ἐκοιμήθην
κολλάομαι, cling, κολλάομαι, κολλήσω, ———, ———, κεκόλλημαι, ἐκολλήθην
κομίζω, bring, κομίζω, κομιῶ, ἐκόμισα, κεκόμικα, κεκόμισμαι, ἐκομίσθην
κοπιάω, become tired, κοπιάω, κοπιάσω, ἐκοπίασα, κεκοπίακα, ———, ———
κοσμέω, adorn, κοσμέω, κοσμήσω, ἐκόσμησα, ———, κεκόσμημαι, ———
κράζω, cry out, κράζω, κράξω, ἔκραξα, κέκραγα, ———, ———
κρατέω, grasp, κρατέω, κρατήσω, ἐκράτησα, κεκράτηκα, κεκράτημαι, ———
κρίνω, judge, κρίνω, κρινῶ, ἔκρινα, κέκρικα, κέκριμαι, ἐκρίθην
κρύπτω, hide, κρύπτω, κρύψω, ἔκρυψα, κέκρυφα, κέκρυμμαι, ἐκρύβην
κτίζω, create, κτίζω, κτίσω, ἔκτισα, ———, ἔκτισμαι, ἐκτίσθην
κωλύω, forbid, κωλύω, κωλύσω, ἐκώλυσα, κεκώλυκα, κεκώλυμαι, ἐκωλύθην
λαλέω, speak, λαλέω, λαλήσω, ἐλάλησα, λελάληκα, λελάλημαι, ἐλαλήθην
λαμβάνω, receive, λαμβάνω, λήμψομαι, ἔλαβον, εἰληφα, εἰλημμαι, ἐλήμφθην
λατρεύω, serve, λατρεύω, λατρεύσω, ἐλάτρευσα, ———, ———, ———
λέγω, say, λέγω, ἐρῶ, εἶπον, εἴρηκα, εἴρημαι, ἐρρήθην
λείπω, leave, λείπω, λείψω, ἔλιπον, λέλοιπα, λέλειμμαι, ἐλείφθην
λογίζομαι, reckon, λογίζομαι, λογιοῦμαι, ἐλογισάμην, ———, λελόγισμαι, ἐλογίσθην
λυπέω, give pain to, λυπέω, λυπήσω, ἐλύπησα, λελύπηκα, ———, ἐλυπήθην
λύω, loose, λύω, λύσω, ἔλυσα, λέλυκα, λέλυμαι, ἐλύθην
μανθάνω, learn, μανθάνω, μαθήσομαι, ἔμαθον, μεμάθηκα, ———, ———
μαρτυρέω, testify, μαρτυρέω, μαρτυρήσω, ἐμαρτύρησα, μεμαρτύρηκα, μεμαρτύρημαι, ἐμαρτυρήθην
μέλλω, about to, μέλλω, μελλήσω, ἔμελλον, ———, ———, ———
μένω, remain, μένω, μενῶ, ἔμεινα, μεμένηκα, ———, ———
μερίζω, divide, μερίζω, μεριῶ, ἐμέρισα, μεμέρικα, μεμέρισμαι, ἐμερίσθην
μεριμνάω, be anxious, μεριμνάω, μεριμνήσω, ἐμερίμνησα, ———, ———, ———
μετανοέω, repent, μετανοέω, μετανοήσω, μετενόησα, ———, ———, ———
μιμέομαι, remember, μιμέομαι, μιμήσομαι, ἐμιμησάμην, ———, μέμνημαι, ἐμνήσθην
μισέω, hate, μισέω, μισήσω, ἐμίσησα, μεμίσηκα, μεμίσημαι, ἐμισήθην
μοιχεύω, do adultery, μοιχεύω, μοιχεύσω, ἐμοίχευσα, ———, ———, ἐμοιχεύθην
νηστεύω, fast, νηστεύω, νηστεύσω, ἐνήστευσα, ———, ———, ———
νικάω, overcome, νικάω, νικήσω, ἐνίκησα, νενίκηκα, ———, ἐνικήθην
νίπτω, wash, νίπτω, νίψω, ἔνιψα, ———, νένιμμαι, ———
νοέω, understand, νοέω, νοήσω, ἐνόησα, νενόηκα, ———, ———
νομίζω, suppose, νομίζω, νομιῶ, ἐνόμισα, νενόμικα, νενόμισμαι, ἐνομίσθην
ξενίζω, entertain, ξενίζω, ξενίσω, ἐξένισα, ———, ———, ἐξενίσθην
ξηραίνω, dry up, ξηραίνω, ξηρανῶ, ἐξήρανα, ———, ἐξήρασμαι, ἐξηράνθην
οἶδα, know, οἶδα, εἰδήσω, ᾔδειν, ———, ———, ———
οἰκοδομέω, build, οἰκοδομέω, οἰκοδομήσω, ᾠκοδόμησα, ———, ᾠκοδόμημαι, οἰκοδομήθην
ὀμνύω, swear, ὀμνύω, ὀμόσω, ὤμοσα, ὀμώμοκα, ὀμώμομαι, ὠμόσθην
ὁμολογέω, confess, ὁμολογέω, ὁμολογήσω, ὡμολόγησα, ὡμολόγηκα, ὡμολόγημαι, ὡμολογήθην
ὀνειδἰζω, revile, ὀνειδἰζω, ὀνειδιῶ, ὠνείδισα, ὠνείδικα, ———, ὠνειδίσθην
ὀνομάζω, name, ὀνομάζω, ὀνομάσω, ὠνόμασα, ὠνόμακα, ὠνόμασμαι, ὠνομάσθην
ὁράω, see, ὁράω, ὄψομαι, εἶδον/ὠψάμην, ἑόρακα/ἑώρακα, ἐώραμαι, ὤφθην
ὀφείλω, owe, ὀφείλω, ὀφειλήσω, ὠφεἰλησα, ὠφείληκα, ———, ὠφειλήθην
παιδεύω, instruct, παιδεύω, παιδεύσω, ἐπαίδευσα, πεπαίδευκα, πεπαίδευμαι, ἐπαιδεύθην
πάσχω, suffer, πάσχω, πείσομαι, ἔπαθον, πέπονθα, ———, ———
πατάσσω, strike, πατάσσω, πατάξω, ἐπάταξα, ———, πεπάταγμαι, ἐπατάχθην
παύω, stop, παύω, παύσω, ἔπαυσα, πέπαυκα, πέπαυμαι, ἐπαύθην
πείθω, persuade, πείθω, πείσω, ἔπεισα, πέποιθα, πέπεισμαι, ἐπείσθην
πεινάω, be hungry, πεινάω, πεινάσω, ἐπείνασα, πεπείνηκα, ———, ———
πειράζω, tempt, πειράζω, πειράσω, ἐπείρασα, πεπείρακα, πεπείρασμαι, έπειράσθην
πέμπω, send, πέμπω, πέμψω, ἔπεμψα, πέπομφα, πέπεμμαι, ἐπέμφθην
περιπατέω, walk, περιπατέω, περιπατήσω, περιεπάτησα, περιεπάτηκα, ———, ———
περισσεύω, abound, περισσεύω, περισσεύσω, ἐπερίσσευσα, ———, ———, ἐπερισσεύθην
πιάζω, seize, πιάζω, ———, έπίασα, ———, ———, ἐπιάσθην
πίμπλημι, fill, πίμπλημι, πλήσω, ἔπλησα, πέπληκα, πέπλησμαι, ἐπλήσθην
πίνω, drink, πίνω, πίομαι, ἔπιον, πέπωκα, πέπομαι, ἐπόθην
πίπτω, fall, πίπτω, πεσοῦμαι, ἔπεσον, πέπτωκα, ———, ———
πιστεύω, believe, πιστεύω, πιστεύσω, ἐπίστευσα, πεπίστευκα, πεπίστευμαι, ἐπιστεύθην
πλανάω, mislead, πλανάω, πλανήσω, ἐπλάνησα, ———, πεπλάνημαι, ἐπλανήθην
πληθύνω, multiply, πληθύνω, πληθυνῶ, ἐπλήθυνα, ———, ———, ἐπληθύνθην
πληρόω, make full, πληρόω, πληρώσω, ἐπλήρωσα, πεπλήρωκα, πεπλήρωμαι, ἐπληρώθην
πλουτέω, be rich, πλουτέω, πλουτήσω, ἐπλούτησα, πεπλούτηκα, ———, ———
πλουτίζω, make rich, πλουτίζω, πλουτίσω, ἐπλούτισα, πεπλούτικα, ———, ἐπλουτίσθην
πλύνω, wash, πλύνω, πλυνῶ, ἔπλυνα, ———, πέπλυμαι, ———
ποιέω, do/make, ποιέω, ποιήσω, ἐποίησα, πεποίηκα, πεποίημαι, ἐποιήθην
ποιμαίνω, herdtend, ποιμαίνω, ποιμανῶ, ἐποίμανα, ———, ———, ———
πολεμέω, make war, πολεμέω, πολεμήσω, ἐπολέμησα, πεπολέμηκα, πεπολέμημαι, ἐπολεμήθην
πορεύομαι, go/proceed, πορεύομαι, πορεύσομαι, ἑπορευσάμην, πεπόρευκα, πεπόρευμαι, ἐπορεύθην
ποτίζω, give drink, ποτίζω, ποτίσω, ἐπότισα, πεπότικα, ———, ———
πράσσω, do/accomplish, πράσσω, πράξω, ἔπραξα, πέπραχα, πέπραγμαι, ἐπράχθην
προσδοκάω, wait for, προσδοκάω, προσδοκήσω, προσεδόκησα, ———, ———, ———
προσεύχομαι, pray to, προσεύχομαι, προσεύξομαι, προσηυκάμην, προσεῦημαι, ———, ———
προσκυνέω, worship, προσκυνέω, προσκυνήσω, προσεκύνησα, προσκεκύνηκα, ———, ———
προφητεύω, prophesy, προφητεύω, προφητεύσω, ἐπροφήτευσα, ———, ———, ———
πυνθάνομαι, inquire, πυνθάνομαι, πεύσομαι, ἐπυθόμην, ———, πέπυσμαι, ———
πυρόω, set on fire, πυρόω, πυρώσω, ἐπύρωσα, πεπύρωκα, πεπύρωμαι, ἐπυρώθην
πωλέω, sell, πωλέω, πωλήσω, ἐπώλησα, πεπώληκα, πεπώλημαι, ἐπωλήθην
ῥαντίζω, sprinkle, ῥαντίζω, ῥαντιῶ, ἐράντισα, ———, ῥεραντίσμαι, ———
ῥαπίζω, strike/club, ῥαπίζω, ῥαπίσω, ἐράπτισα, ———, ———, ———
ῥήγνυμι, tear/break, ῥήγνυμι, ¨ρήξω, ἔρρηξα, ἔρρωγα, ἔρρηγμαι, ἐρράγην
ῥύομαι, rescue, ῥύομαι, ῥύσομαι, ἐρρυσάμην, ———, ———, ἐρρύσθην
σαλεύω, shake, σαλεύω, ———, ἐσάλευσα, ———, σεσάλευμαι, ἐσαλεύθην
σαλπίζω, trumpet, σαλπίζω, σαλπίσω, ἐσάλπισα, ———, ———, ———
σβέννυμι, extinguish, σβέννυμι, σβἐσω, ἔσβεσα, ἔσβηκα, , ἐσβέσθην
σείω, shake, σείω, σείσω, ἔσεισα, σέσεικα, σέσεισμαι, ἐσείσθην
σιγάω, be silent, σιγάω, σιγήσω, ἐσίγησα, σεσίγηκα, σεσίγημαι, έσιγήθην
σιωπάω, keep silent, σιωπάω, σιωπήσω, ἐσιώπησα, σεσιώπηκα, σεσιώπημαι, ἐσιωπήθην
σκανδαλίζω, cause to fall, σκανδαλίζω, ———, ἐσκανδάλισα, ———, έσκαδάλισμαι, ἐσκανδαλίσ
σκηνόω, dwell, σκηνόω, σκηνώσω, ἐσκήνωσα, ———, ———, ———
σπείρω, sow, σπείρω, σπερῶ, ἔσπειρα, ἔσπαρκα, ἔσπαρμαι, ἐσπάρην
σπουδάζω, hasten, σπουδάζω, σπουδάσω, ἐσπούδασα, ἐσπούδακα, ἐσπούδασμαι, ἐσπουδάσθην
σταυρόω, crucify, σταυρόω, σταυρώσω, ἐσταύρωσα, ἐσταύπωκα, ἐσταύρωμαι, ἐσταυρώθην
στηρίζω, establish, στηρίζω, στηρίσω, ἐστήριξα, ———, ἐστήριγμαι, ἐστηρίχθην
στρέφω, turn, στρέφω, στρέψω, ἔστρψα, ἔστροψα, ἔστραμμαι, ἐστράφην
σφάζω, murder, σφάζω, σφάξω, ἔσφαξα, ———, ἔσφαγμαι, ἐσφάχθην
σφραγίζω, seal, σφραγίζω, σφραγίσω, ἐσφράγισα, ———, ἐσφράγισμαι, ἐσφραγίσθην
σχίζω, divide, σχίζω, σχίσω, ἔσχισα, ———, ἐσχισμαι, ἐσχίσθην
σῴζω, save, σῴζω, σώσω, ἔσωσα, σέσωκα, σέσωσμαι, ἐσώθην
ταράσσω, stir up, ταράσσω, ταράξω, ἐτάραξα, τετάραχα, τετάραγμαι, ἐταράχθην
τάσσω, set in order, τάσσω, τάξω, ἔταξα, τέταχα, τέταγμαι, ἐτάκθην
τελειόω, complete, τελειόω, τελειώσω, ἐτελείωσα, τετελείωκα, τετελείωμαι, ἐτελειώθην
τελευτάω, come to an end, τελευτάω, τελευτήσω, ἐτελεύτησα, τετελεύτηκα, ———, ἐτελευτήθην
τελέω, finish, τελέω, τελέσω, ἐτέλεσα, τετέλεκα, τετέλεσμαι, ἐτελέσθην
τηρέω, keep, τηρέω, τηρήσω, ἐτήρησα, τετήρηκα, τετήρημαι, ἐτηρήθην
τίθημι, put, τίθημι, θήσω, ἔθηκα, τέθεικα, τέθειμαι, ἐτέθην
τίκτω, give birth to, τίκτω, τέξομαι, ἔτεκον, τέτοκα, ———, ἐτέχθην
τιμάω, value, τιμάω, τιμήσω, ἐτίμησα, τετίμηκα, τετίμημαι, ἐτιμήθην
τολμάω, be brave, τολμάω, τολμήσω, ἐτόλμησα, τετόλμηκα, ———, ———
τρέφω, nourish, τρέφω, θρέψω, ἔθρεψα, τέτροφα, τέθραμμαι, ἐτράφην
τρέχω, run, τρέχω, δραμοῡμαι, ἔδραμον, δεδράμηκα, δεδράμημαι, ———
τυγχάνω, happen to be, τυγχάνω, τεύξομαι, ἔτυχον, τέτευχα, τέτευγμαι, ἐτεύχθην
τύπτω, strike, τύπτω, τύψω, ἔτυψα, τέτυψα, ———, ἐτύψθην
τυφλόω, to blind, τυφλόω, τυφλώσω, ἐτύφλωσα, τετύφλωκα, ———, έτυφλώθην
ὑμνέω, sing (hymn), ὑμνέω, ὑμνήσω, ὕμνησα, ———, ———, ———
ὑστερέω, fail/lack, ὑστερέω, ὑστερήσω, ὑστέρησα, ὑστέρηκα, ὑστέρημαι, ὑστερήθην
ὑψόω, exalt, ὑψόω, ὑψώσω, ὕψωσα, ὕψωκα, ———, ὑψώθην
φαίνω, shine, φαίνω, φανῶ, ἔφανα, πέφαγκα, πέφασμαι, ἐφάνθην
φανερόω, reveal, φανερόω, φανερώσω, ἐφανέρωσα, πεφανέρωκα, πεφανέρωμαι, ἐφανερώθην
φείδομαι, spare, φείδομαι, φείσομαι, ἐφεισάμην, ———, ———, ———
φέρω, carry, φέρω, οἴσω, ἤνεγκα/ἤνεγκον, ἐνήνοχα, ἐνήνεγμαι, ἠνέχθην
φεύγω, flee, φεύγω, φεύξομαι, ἔφυγον, πέφευγα, ———, ———
φημί, say, φημί, φήσω, ἔφην, ———, ———, ———
φθάνω, come before, φθάνω, φθήσω, ἔφθασα, ἔφθακα, ———, ———
φθείρω, corrupt, φθείρω, φθερῶ, ἔφθασα, ἔφθακα, ———, ———
φιλέω, love, φιλέω, φιλήσω, ἐφίλησα, πεφίληκα, ———, ἐφιλήθην
φοβέομαι, fear, φοβέομαι, φοβήσω, ἐφόβησα, πεφόβηκα, πεφόβημαι, ἐφοβήθην
φονεύω, murder, φονεύω, φονεύσω, ἐφόνευσα, ———, ———, ἐφονεύθην
φορέω, wear, φορέω, φορέσω, ἐφόρεσα, πεφόρηκα, ———, ———
φράσσω, shut/close, φράσσω, φράξομαι, ἔφραξα, ———, πέφραγμαι, ἐφράγην
φρονέω, think, φρονέω, φρονήσω, ἐφρόνησα, ———, ———, ———
φυλάσσω, guard, φυλάσσω, φυλάξω, ἐφύλαξα, πεφύλαχα, πεφύλαγμαι, ἐφυλάχθην
φυτεύω, plant, φυτεύω, φυτεύσω, ἐφύτευσα, ———, πεφύτευμαι, ἐφυτεύθην
φωνέω, call, φωνέω, φωνήσω, ἐφώνησα, ———, ———, ἐφωνήθην
φωτίζω, illuminate, φωτίζω, φωτίσω, ἐφώτισα, πεφώτικα, πεφώτισμαι, ἐφωτίσθην
χαίρω, rejoice, χαίρω, χαρήσομαι, ἐχαρισάμην, ———, κεχάρισμαι, ἐχάρην
χαρίζομαι, give freely, χαρίζομαι, χαρίσομαι, ἐχαρισάμην, ———, κεχάρισμαι, ἐχαρίσθην
χηρματίζω, impart, χηρματίζω, χηρματίσω, ἐχρημάτισα, κεχρημάτικα, κεχρημάτισμαι, ἐχρηματίσθην
χορτάζω, satisfy, χορτάζω, χορτάσω, ἐχόρτασα, ———, ———, ἐχορτάσθην
χράομαι, make use of, χράομαι, -, ἐχρησάμην, ———, κέχρημαι, ἐχρήσθην
χρίω, anoint, χρίω, χρίσω, ἔχρισα, ———, κέχρισμαι, ἐχρίσθην
χωρέω, make room, χωρέω, χωρήσω, ἐχώρησα, κεχώρηκα, ———, ———
χωρίζω, divide, χωρίζω, χωρίσω, ἐχώρισα, κεχώρισμαι, ἐχωρίσθην, ———
ψεύδομαι, lie, ψεύδομαι, ψεύσομαι, ἐψευσάμην, ———, ἔψευσμαι, ἐψεύσθην
ὠφελέω, help/aid, ὠφελέω, ὠφελήσω, ὠφέλησα, ὠφέληκα, ὠφέλημαι, ὠφελήθην

